細身の体型を表すプロンプト	https://ai-freak.com/wp-content/uploads/2023/12/Petite-Body-683x1024.png
細身の体型を表すプロンプト	https://ai-freak.com/wp-content/uploads/2023/12/Skinny-Body-683x1024.png
細身の体型を表すプロンプト	https://ai-freak.com/wp-content/uploads/2023/12/Thin-Body-683x1024.png
太った体型を表すプロンプト	https://ai-freak.com/wp-content/uploads/2023/12/Curvy-Body-683x1024.png
太った体型を表すプロンプト	https://ai-freak.com/wp-content/uploads/2023/12/heavyset-Body-683x1024.png
太った体型を表すプロンプト	https://ai-freak.com/wp-content/uploads/2023/12/Chubby-Body-683x1024.png
太った体型を表すプロンプト	https://ai-freak.com/wp-content/uploads/2023/12/fat-Body-683x1024.png
太った体型を表すプロンプト	https://ai-freak.com/wp-content/uploads/2023/12/Rotund-Body-683x1024.png
胸の大きさを表すプロンプト	https://ai-freak.com/wp-content/uploads/2023/12/Small-Breasts-683x1024.png
胸の大きさを表すプロンプト	https://ai-freak.com/wp-content/uploads/2023/12/Flat-Breasts-683x1024.png
胸の大きさを表すプロンプト	https://ai-freak.com/wp-content/uploads/2023/12/Medium-Breasts-683x1024.png
胸の大きさを表すプロンプト	https://ai-freak.com/wp-content/uploads/2023/12/large-Breasts-683x1024.png
胸の大きさを表すプロンプト	https://ai-freak.com/wp-content/uploads/2023/12/Busty-Breasts-683x1024.png
胸の大きさを表すプロンプト	https://ai-freak.com/wp-content/uploads/2023/12/Oversized-Breasts-683x1024.png
少し変わった体型のプロンプト	https://ai-freak.com/wp-content/uploads/2023/12/Lanky-form-683x1024.png
少し変わった体型のプロンプト	https://ai-freak.com/wp-content/uploads/2023/12/Plump-shape-683x1024.png
少し変わった体型のプロンプト	https://ai-freak.com/wp-content/uploads/2023/12/Curvaceous-physique-683x1024.png