ガーター付きバスチェとトングセット	https://ai-freak.com/wp-content/uploads/2023/12/Bustier-with-garters-and-thong-set_3-683x1024.png
ガーター付きバスチェとトングセット	https://ai-freak.com/wp-content/uploads/2023/12/Bustier-with-garters-and-thong-set-683x1024.png
ガーター付きバスチェとトングセット	https://ai-freak.com/wp-content/uploads/2023/12/Bustier-with-garters-and-thong-set_4-683x1024.png
マッチングガーターベルト付きオフショルダーシアーナイティ	https://ai-freak.com/wp-content/uploads/2023/12/Off-the-shoulder-sheer-nightie-with-matching-garter-belt_２-683x1024.png
マッチングガーターベルト付きオフショルダーシアーナイティ	https://ai-freak.com/wp-content/uploads/2023/12/Off-the-shoulder-sheer-nightie-with-matching-garter-belt_１-683x1024.png
マッチングガーターベルト付きオフショルダーシアーナイティ	https://ai-freak.com/wp-content/uploads/2023/12/Off-the-shoulder-sheer-nightie-with-matching-garter-belt_３-683x1024.png
刺繍入りテディとシルクのブリーフ	https://ai-freak.com/wp-content/uploads/2023/12/Embroidered-teddy-and-silk-briefs_1-683x1024.png
刺繍入りテディとシルクのブリーフ	https://ai-freak.com/wp-content/uploads/2023/12/Embroidered-teddy-and-silk-briefs_3-683x1024.png
刺繍入りテディとシルクのブリーフ	https://ai-freak.com/wp-content/uploads/2023/12/Embroidered-teddy-and-silk-briefs_2-683x1024.png
フィッシュネットボディストッキング	https://ai-freak.com/wp-content/uploads/2023/12/Fishnet-bodystocking_1-683x1024.png
フィッシュネットボディストッキング	https://ai-freak.com/wp-content/uploads/2023/12/Fishnet-bodystocking-683x1024.png
フィッシュネットボディストッキング	https://ai-freak.com/wp-content/uploads/2023/12/Fishnet-bodystocking_2-683x1024.png
フリル付きベビードールとマッチングショーツ	https://ai-freak.com/wp-content/uploads/2023/12/Frilly-babydoll-and-matching-shorts_1-683x1024.png
フリル付きベビードールとマッチングショーツ	https://ai-freak.com/wp-content/uploads/2023/12/Frilly-babydoll-and-matching-shorts_3-683x1024.png
フリル付きベビードールとマッチングショーツ	https://ai-freak.com/wp-content/uploads/2023/12/Frilly-babydoll-and-matching-shorts_2-683x1024.png
ピーカブーカップのホルターネックレーステディ	https://ai-freak.com/wp-content/uploads/2023/12/Halter-neck-lace-teddy-with-peek-a-boo-cups_3-683x1024.png
ピーカブーカップのホルターネックレーステディ	https://ai-freak.com/wp-content/uploads/2023/12/Halter-neck-lace-teddy-with-peek-a-boo-cups_2-683x1024.png
ピーカブーカップのホルターネックレーステディ	https://ai-freak.com/wp-content/uploads/2023/12/Halter-neck-lace-teddy-with-peek-a-boo-cups_１-683x1024.png
ディープVバックのハイレグレースボディスーツ	https://ai-freak.com/wp-content/uploads/2023/12/High-leg-lace-bodysuit-with-deep-V-back_1-683x1024.png
ディープVバックのハイレグレースボディスーツ	https://ai-freak.com/wp-content/uploads/2023/12/High-leg-lace-bodysuit-with-deep-V-back_3-683x1024.png
ディープVバックのハイレグレースボディスーツ	https://ai-freak.com/wp-content/uploads/2023/12/High-leg-lace-bodysuit-with-deep-V-back_2-683x1024.png
メッシュパネルのナイティとヒップスターブリーフ	https://ai-freak.com/wp-content/uploads/2023/12/Mesh-panel-nightie-and-hipster-briefs-683x1024.png
メッシュパネルのナイティとヒップスターブリーフ	https://ai-freak.com/wp-content/uploads/2023/12/Mesh-panel-nightie-and-hipster-briefs_4-683x1024.png
メッシュパネルのナイティとヒップスターブリーフ	https://ai-freak.com/wp-content/uploads/2023/12/Mesh-panel-nightie-and-hipster-briefs_3-683x1024.png
サテンのコルセットとレースアップバックのパンティ	https://ai-freak.com/wp-content/uploads/2023/12/Satin-corset-and-lace-up-back-panties_1-683x1024.png
サテンのコルセットとレースアップバックのパンティ	https://ai-freak.com/wp-content/uploads/2023/12/Satin-corset-and-lace-up_2-683x1024.png
サテンのコルセットとレースアップバックのパンティ	https://ai-freak.com/wp-content/uploads/2023/12/Satin-corset-and-lace-up-back-panties_2-683x1024.png
ベルベットのキャミソールとレースのボーイショーツ	https://ai-freak.com/wp-content/uploads/2023/12/Velvet-camisole-and-lace-boyshorts_1-1-683x1024.png
ベルベットのキャミソールとレースのボーイショーツ	https://ai-freak.com/wp-content/uploads/2023/12/Velvet-camisole-and-lace-boyshorts_2-683x1024.png
ベルベットのキャミソールとレースのボーイショーツ	https://ai-freak.com/wp-content/uploads/2023/12/Velvet-camisole-and-lace-boyshorts_3-683x1024.png
カットアウトディテールのベルベットプランジボディスーツ	https://ai-freak.com/wp-content/uploads/2023/12/Velvet-plunge-bodysuit-with-cutout-details_2-1-683x1024.png
カットアウトディテールのベルベットプランジボディスーツ	https://ai-freak.com/wp-content/uploads/2023/12/Velvet-plunge-bodysuit-with-cutout-details_4-683x1024.png
カットアウトディテールのベルベットプランジボディスーツ	https://ai-freak.com/wp-content/uploads/2023/12/Velvet-plunge-bodysuit-with-cutout-details_1-683x1024.png
